epoch,avg_train_loss,val_loss,val_rmse,val_mae,val_max_error,learning_rate
1,0.5691042424710673,0.5653848055050458,0.09633717884954512,0.09505634174570357,0.13528133928775787,0.0
